,premise,hypothesis,label
0,The new rights are nice enough,Everyone really likes the newest benefits ,2
1,This site includes a list of all award winners and a searchable database of Government Executive articles.,The Government Executive articles housed on the website are not able to be searched.,0
2,uh i don't know i i have mixed emotions about him uh sometimes i like him but at the same times i love to see somebody beat him,"I like him for the most part, but would still enjoy seeing someone beat him.",1
3,yeah i i think my favorite restaurant is always been the one closest  you know the closest as long as it's it meets the minimum criteria you know of good food,My favorite restaurants are always at least a hundred miles away from my house. ,0
4,i don't know um do you do a lot of camping,I know exactly.,0
5,well that would be a help i wish they would do that here we have got so little landfill space left that we're going to run out before the end of this decade and it's really going to be,We have plenty of space in the landfill.,0
6,yeah i know and i did that all through college and it worked too,I did that all through college but it never worked ,0
7,"Calcutta seems to be the only other production center having any pretensions to artistic creativity at all, but ironically you're actually more likely to see the works of Satyajit Ray or Mrinal Sen shown in Europe or North America than in India itself.",Most of Mrinal Sen's work can be found in European collections.,2
8,"If that investor were willing to pay extra for the security of limited downside, she could buy put options with a strike price of $98, which would lock in her profit on the shares at $18, less whatever the options cost.",THe strike price could be $8.,0
9,"3)  Dare you rise to the occasion, like Raskolnikov, and reject the petty rules that govern lesser men?",Would you rise up and defeaat all evil lords in the town?,2
10,"The most important directions are simply up and up leads eventually to the cathedral and fortress commanding the hilltop, and down inevitably leads to one of three gates through the wall to the new town.","Go downwards to one of the gates, all of which will lead you into the cathedral.",0
11,The bhakti movement of the Tamils brought a new warmth to the hitherto rigid Brahmanic ritual of Hinduism.,The Tamils' bhakti movement froze the previously warm ritual of Hinduism.,0
12,see now in a situation like that the boys are only sixteen years old and they were sexually involved with her and i think like at that particular point she was twenty three you know so she wasn't really that much older than them and being a boy at that age i think that they're very um you know let's face it that's at a point in your life when you you're just starting to realize all the things of life,Everyone involved was the same age.,0
13,"You and your friends are not welcome here, said Severn.",Severn said the people were not welcome there.,1
14,um-hum um-hum yeah well uh i can see you know it's it's it's it's kind of funny because we it seems like we loan money you know we money with strings attached and if the government changes and the country that we loan the money to um i can see why the might have a different attitude towards paying it back it's a lot us that  you know we don't really loan money to to countries we loan money to governments and it's the,We don't loan a lot of money.,2
15,i'm not sure what the overnight low was,I don't know how cold it got last night.,1
16,so i have to find a way to supplement that,I need a way to add something extra.,1
17,the hologram makes up all these things and uh i mean sometimes  sometimes it's funny sometimes it's not but uh you know it's something to pass the time until we do and then and then we watch football,Sometimes it is amusing to see what the hologram creates.,1
18,5 The share of gross national saving used to replace depreciated capital has increased over the past 40 years.,Gross national saving was highest this year.,2
19,"So far, however, the number of mail pieces lost to alternative bill-paying methods is too small to have any material impact on First-Class volume.",The amount of lost mail is huge and really impacts mail volume,0
20,you want to punch the button and go,"You don't want to push the button lightly, but rather punch it hard.",2
21,Buffet and a  la carte available.,It has a buffet.,1
22,Blue says Blumenthal claimed Clinton had told him that Lewinsky had made unwanted sexual advances.,Clinton said that Monica Lewinsky made unwanted sexual advances during her time as a journalist in the White House. ,2
23,We also have found that leading organizations strive to ensure that their core processes efficiently and effectively support mission-related outcomes.,Leading organizations want to be sure their employees are safe.,2
24,oh uh-huh well no they wouldn't would they no,"No, they wouldn't go there.",2
25,Sorry but that's how it is.,This is how things are and there are no apologies about it.,0
26,"Not quite as large is the Papal Crose commemorating Pope John Paul II's visit in 1979, when more than one million people gathered to celebrate mass.",Pope John Paul II also visited in 1983.,2
27,"The tourist industry continued to expand, and though it became one of the top two income earners in Spain, a realization that unrestricted mass tourism was leading to damaging long-term consequences also began to grow.",Tourism is not very big in Spain.,0
28,"She seemed so different  """,She had changed a lot since the last time we'd seen her.,2
29,i'm not opposed to it but when its when the time is right it will probably just kind of happen you know,I cannot wait for it to happen.,2
30,The census of 1931 served as an alarm signal for the Malay national consciousness.,The 1931 Malay census was an alarm bell.,1
31,"Mortifyingly enough, it is all  the difficulty, the laziness, the pathetic formlessness in youth, the round peg in the square hole, the whatever do you want?",Many youth are lazy.,1
32,"Conversely, an increase in government saving adds to the supply of resources available for investment and may put downward pressure on interest rates.",Interest rates should increase to increase saving.,0
33,"Britain's best-selling tabloid, the Sun , announced as a front-page world exclusive Friday that Texan model Jerry Hall has started divorce proceedings against aging rock star Mick Jagger at the High Court in London.",There is a British publication called the Sun.,1
34,"He was of two minds, one reveled in the peace of this village.",He loved how peaceful the village was.,1
35,"The vineyards hug the gentle slopes between the Vosges and the Rhine Valley along a single narrow 120-km (75-mile) strip that stretches from Marlenheim, just west of Strasbourg, down to Thann, outside Mulhouse.",The slopes between the Vosges and Rhine Valley are the only place appropriate for vineyards.,2
36,"We did not study the reasons for these deviations specifically, but they likely result from the context in which federal CIOs operate.",These deviations mostly involve failure to apply software updates in a timely manner.,2
37,"Rouen is the ancient center of Normandy's thriving textile industry, and the place of Joan of Arc's martyrdom ' a national symbol of resistance to tyranny.","Joan of Arc sacrificed her life at Rouen, which became an enduring symbol of opposition to tyranny.",1
38,"Table 2: Examples of BLM's, FHWA's, IRS's, and VBA's Customer Satisfaction Expectations for Senior Executive Performance",Senior Executive's have been studies on various aspects to reach the expectations.,1
39,"In Hong Kong you can have a plate, or even a whole dinner service, hand-painted to your own design.",It's impossible to have a plate hand-painted to your own design in Hong Kong.,0
40,"There are a number of expensive jewelry and other duty-free shops, all with goods priced in US dollars (duty-free goods must always be paid for in foreign currency).",Jewelry and duty-free shops are an interesting place to buy goods.,2
41,"What's truly striking, though, is that Jobs has never really let this idea go.",Jobs never held onto an idea for long.,0
42,"While it's probably true that democracies are unlikely to go to war unless they're attacked, sometimes they are the first to take the offensive.",Democracies probably won't go to war unless someone attacks them on their soil,1
43,"But to you, who know the truth, I propose to read certain passages which will throw some light on the extraordinary mentality of this great man."" He opened the book, and turned the thin pages.","There is no information on the mentality of the man, extraordinary or not, contained within the thin-paged book. ",0
44,yeah i mean just when uh the they military paid for her education,The military didn't pay for her education.,0
45,but uh these guys were actually on the road uh two thousand miles from from home when they had to file their uh their final exams and send them in,These men filed their midterm exams from home. ,0
46,"But you have to have money to save it, and not many couples with young children have the luxury of tucking away $2,000 apiece annually for their Golden Years.",Not many couples with kids can save up for retirement.,1
47,and uh as a matter of fact he's a draft dodger,"They dodged the draft, I'll have you know.",1
48,"'Publicity.' Lincoln removed his great hat, making a small show of dusting it off.",Lincoln took his hat off.,1
49,"In the stock market, however, the damage can get much worse.",The stock market can experience much worse damage. ,1
50,"Missouri was asked to continue its planning efforts and file a supplemental planning report with LSC on or before October 1, 1999.",Missouri was happy to continue it's planning efforts. ,2
51,He hadn't seen even pictures of such things since the few silent movies run in some of the little art theaters.,He had recently seen pictures depicting those things.,0
52,"Look, there's a legend here.","See, there is a well known hero here.",1
53,The Celts arrived in the wake of the Roman withdrawal at the end of the fourth century.,At the end of the fourth century was when baked goods flourished.,2
54,yeah and how about how about like on the weekends do you do sports or do you go out,No one plays sports on the weekend.,0
55,"Harlem was our first permanent office, he said. ",Harlem did a great job ,2
56,"But when the cushion is spent in a year or two, or when the next recession arrives, the disintermediating voters will find themselves playing the roles of budget analysts and tax wonks.",The cushion will likely be spent in under two years.,1
57,"Oh, what a fool I feel! ",I am beyond proud.,0
58,"She has exchanged a hollow life for a heightened life, and has tried to comprehend all its turns, get its possibilities.",She has chose to live a hollow life.,0
59,well the first thing for me is i wonder i see a couple of different ways of talking about what privacy is um if privacy is something that disturbs your private state i mean an invasion of privacy is something that disturbs your private state that's one thing and if privacy is something that comes into your private state and extracts information from it in other words finds something out about you that's another and the first kind of invasion of the first type of privacy seems invaded to me in very much everyday in this country but in the second type at least overtly uh where someone comes in and uh finds out information about you that should be private uh does not seem uh um obviously everyday,"All invasions of privacy should be severely punished, because it will teach the criminals that it is not worth doing.",2
60,He had never felt better.,The medicine he had taken had worked well.,2
61,The campaigns seem to reach a new pool of contributors.,New people chose to donate to the cause ,1
62,The Data Warehousing Institute provides education and training in the data warehousing and business intelligence industry.,Business intelligence industry is a new and promising field of study.,2
63,the net cost of operations.,The gross cost.,0
64,"Credibility is a vital factor, and Jim Lehrer does, indeed, have it.",Jim Lehrer has no credibility whatsoever.,0
65,Tuppence rose.,Tuppence floated into the air.,2
66,From the corner of his eye he saw Jamus look over the broken mare.,Jamus looked over the mare.,1
67,"Even if you're the kind of traveler who likes to improvise and be adventurous, don't turn your nose up at the tourist offices.",There's nothing worth seeing in the tourist offices.,0
68,"Similarly, OIM revised the electronic Grant Renewal Application to accommodate new information sought by LSC and to ensure greater ease for users.",Changes were made to the Grant Renewal Application to provide extra information to the LSC.,1
69,"'Dave Hanson, to whom nothing was impossible.' Well, we have a nearly impossible task: a task of engineering and building.",This building job will be very difficult to complete.,1
70,"Still, it would be interesting to know. 109 Poirot looked at me very earnestly, and again shook his head. ",Poirot did not look at me.,0
71,"But I'll take up my stand somewhere near, and when he comes out of the building I'll drop a handkerchief or something, and off you go!""","I want you to follow him, so watch for the signal that I give.",1
72,"There are no shares of a stock that might someday come back, just piles of options as worthless as those shares of Cook's American Business Alliance.", Cook's American Business Alliance caused shares of stock to come back.,0
73,"One thing was worrying me dreadfully, but my heart gave a great throb of relief when I saw my ulster lying carelessly over the back of a chair.",I was dreadfully worried about many things. ,0
74,"Do you think Mrs. Inglethorp made a will leaving all her money to Miss Howard? I asked in a low voice, with some curiosity. ",I yelled at the top of my lungs.,0
75,Isn't a woman's body her most personal property?,"Women's bodies belong to themselves, they should decide what to do with it. ",2
76,that your approach is is is right you can actually go out and sub it if even if you don't wanna get hands on you can even just sub it out the concrete and those kind of things and and that's kind of the plan i have so um uh everyone i talk to uh i've,You can sub it even if you do not want to get your hands on it.,1
77,What changed?,What was unique?,2
78,oh i don't know either the other growing up all i knew was,I know because I learned it growing up,0
79,WHOLE LIFE POLICIES - Policies that provide insurance over the insured's entire life and the proceeds (face amount) are paid only upon death of the insured.,Whole life policies are a type of life insurance that only cover the insured person until retirement from the workforce.,0
80,Justice Kennedy does not care what law librarians across the country do with all the Supreme Court Reporters from 1790 through 1998.,Justice Kennedy doesn't care if the Supreme Court Reporters from 1790 to 1998 are thrown away.,1
81,The entire city was surrounded by open countryside with a scattering of small villages.,The whole countryside is scattered with small villages. ,1
82,substitute my my yeah my kid'll do uh four or five hours this week for me no problem,I just can't make the time because of my job.,2
83,it's actually there well Iraq has had uh designs on that place since nineteen twenty two so you know it wasn't like something that just suddenly popped up,The weird thing is that Iraq was never interested in that place until now.,0
84,The final rule contains a Federalism Assessment under Executive Order,The final rule had a federalism assessment that was added through executive order by the President.,2
85,"Prototyping, for example, may act as part of the requirements definition process, helping the agency identify and control areas of high uncertainty and technical risk.","Prototyping is not important, testing with the actual finished product is better.",0
86,"The regime's response of ferocious repression plus numerous other ineptitudes led to a third revolution in 1848, with the Bonapartists, led by Napoleon's nephew, emerging triumphant.",France was ruled by Napoleon's nephew after they won a revolution in 1848.,1
87,Boats in daily use lie within feet of the fashionable bars and restaurants.,Bars and restaurants are interesting places.,2
88,so i guess my experience is is just with what we did and and so they didn't really go through the child care route they were able to be home together,They were able to be home rather than having to worry about getting child care.,1
89,DOD's common practice for managing this environment has been to create aggressive risk reduction efforts in its programs.,Creating risk reduction efforts is common practice.,1
90, Then he ran.,He ran like an athlete.,2
91,you sound like this girl that i talked to about books and we got into movies one night,I found out about so many movies I had never heard of.,2
92,if the United States had used full conventional power.,The United States has no power to use.,0
93,yeah really no kidding,Really? No kidding! ,1
94,Visit at sundown or out of season to get the full flavor of the setting.,The setting is better to visit at sundown or during low season.,1
95,"In a further role reversal, Gingrich may have positioned himself to fill it.",Gingrich should not be in power.,2
96,"All of the islands are now officially and proudly part of France, not colonies as they were for some three centuries.",The islands are part of France now instead of just colonies.,1
97,"(For more information on BLM's senior executive performance plans, see app.",BLM's performance plans are visible online.,1
98,"While parents may pick up this gay semaphore, kids aren't likely to.",Some kids do understand gay signals.,2
99,"Taking an ecumenical tack, nation officials in Chicago recently issued edicts commanding preachers to back off their anti-Semitic rhetoric.",Nation officials in Chicago are involved in religious issues.,1
100,Saddam could emerge strengthened (and America tarnished) in the eyes of the Arab world.,America's opinion on Saddam would also worsen.,2
101,"To savour the full effect of the architect's skill, enter the courtyard through the gate which opens onto the Hippodrome.",The gate to the Hippodrome is an example of the architect's skill.,1
102,"There is nothing more to be done here, I think, unless, he stared earnestly and long at the dead ashes in the grate. ",There isn't anything left to do. ,1
103,"In Texas, the legislature was instrumental in effecting changes to the state's benefit programs through provisions in several pieces of legislation.",The legislature was instrumental in effecting changes to the benefit program.,1
104,"Perhaps all we can say of great acting is that it involves assimilation rather than accumulation, that the performer isn't so much a surrogate as a vessel.",An actor is judged solely on quality of performance.,2
105,"In the summer, the Sultan's Pool, a vast outdoor amphitheatre, stages rock concerts or other big-name events.",Most rock concerts take place in the Sultan's Pool amphitheatre.,2
106,"Around 1500 b.c. , a massive volcanic eruption at Santorini destroyed not only Akrotiri under feet of ash and pumice but the whole Minoan civilization.",The entire Minoan civilization was destroyed by a volcanic eruption.,1
107,"The great thing is to keep calm."" Julius groaned.",Julius made a groaning sound.,1
108,"June 21, 1995, provides the specific requirements for assessing and reporting on controls.",There are no specific requirements for assessment.,0
109,"This is especially true on Menorca, where cold winter winds limit the season's length.","This is especially untrue on Menorca, where warm summer weather extends the season's length.",0
110,"Over most of the 1980s and 1990s, the U.S. was able to invest more than it saved by attracting financing from abroad.",The US could save more than it invested in the 1980's and 90's.,0
111,The sacred is not mysterious to her.,The woman is familiar with the sacred.,1
112,"If you land by boat, Caravelle beach is yours for the using; otherwise you'll have to pay a nominal charge to the vacation club that owns the acreage.",There is a charge for people arriving at Caravelle beach by land.,1
113,"Behind the cathedral, croseover the Rue de la R??publique to the 15th-century Eglise Saint-Maclou, the richest example of Flam?­boy?­ant Gothic in the country.",Eglise Saint-Michel is built in a flamboyant Gothic style.,1
114,"Julius before the safe in the flat, her own question and the pause before his reply, ""Nothing."" Was there really nothing? ","Julius paused for a while, before answering her.",1
115,GAO recommends that the Secretary of Defense revise policy and guidance,GAO recommends that the Secretary of Defense revise policy and guidance,1
116,"The Kal tangled both of Adrin's arms, keeping the blades far away.","Adrin's arms were tangled, keeping his blades away from Kal.",1
117,The primary screen must be integrated into the standard intake procedure of the emergency setting and must be the responsibility of the staff to administer to all patients.,The primary screen is the responsibility of the staff to be given to all patients.,1
118,"I have been visiting an old woman in the village, she explained, ""and as Lawrence told me you were with Monsieur Poirot I thought I would call for you.""",There is an old woman in the village that I have been visiting. ,1
119,"As a basic guide, the symbols below have been used to indicate high-season rates in Hong Kong dollars, based on double occupancy, with bath or shower.","As you can see, the symbols are of dolphins and octopuses.",2
120,Slate 's Joseph Nocera.,Nocera works for Slate.,1
121,"This town, which flourished between 6500 and 5500 b.c. , had flat-roofed houses of mud and timber decorated with wall-paintings, some of which show patterns that still appear on Anatolian kilims.",This town is over 8000 years old.,1
122,Candidates must submit a set of fingerprints for review by the FBI.,People that want the job have to have their fingerprints sent to the FBI.,1
123,"In 1998, Cesar Chavez fasted for 36 days in California to underscore the dangers of pesticides to farm workers and their children.",Cesar Chavez was not concerned about the dangers of pesticide use.,0
124,The red moon made her skin glow.,Her skin was glowing from the red moon.,1
125,"Strategic parents might spend a large portion of their tax cuts, causing interest rates to rise.",Tax cuts geared to parents will give them greater spending flexibility but will also lead to higher interest rates on loans.,2
126,"However, in the off-field (sentimental) tournament, the Falcons and Jets have more appealing story lines.",The Jets and Falcons have boring stories.,0
127,right after the war,Just after the war ended.,1
128,i'm kind of familiar with the weather out that way in west Texas but not in not in Lewisville,I do not know the weather conditions in Lewisville.  ,1
129,"In the moment of victory, Tuppence betrayed a somewhat unsportsmanlike triumph.",Tuppence was triumphant.,1
130,"The central features of the Results Act-strategic planning, performance measurement, and public reporting and accountability-can serve as powerful tools to help change the basic culture of government.",The Results Act has strategic planning as a central feature. ,1
131,"The most important directions are simply up and up leads eventually to the cathedral and fortress commanding the hilltop, and down inevitably leads to one of three gates through the wall to the new town.",The cathedral will be spotted midway along the path to the fortress at the summit.,2
132,"They made little effort, despite the Jesuit presence in Asia, to convert local inhabitants to Christianity or to expand their territory into the interior.","The Jesuit presence in Asia helped to convert local residents to Christianity, allowing them to expand their territory. ",0
133,Dirt mounds surrounded the pit so that the spectators stood five or six people deep around the edge of the pit.,The ground is totally flat.,0
134,i think it's real good anyway it's it's been it was nice meeting you,It was nice meeting you,1
135,um-hum  right do where are you at what state,Where are you located?,1
136,Small towns like Louisian lay scattered all over the Oil Fields; the main train line branched between them.,There were a lot of small towns in the oil fields.,1
137,"There's only one thing for me to do.""",There's a few things left for me to do.,0
138,The  liberation  of these old European colonies created the basis for postwar independence movements proclaiming the Japanese slogan  Asia for the Asians.  ,Old European colonies were liberated.,1
139,"The inquiry expanded very quickly, however, from asking what technology failed to an examination of contextual influences, such as",They moved they inquiries over from technology failing because they thought it may be something else.,2
140,Your man wouldn't have remained conscious after the first blow.,"After the first blow to the head, your man wouldn't have remained conscious.",2
141,But those that are manufactured for sale in in Europe and so forth are quite the other way around,The ones that are made to sell in Europe are different.,1
142,Fixing current levels of damage would be impossible.,The damage could never be fixed by an artisan.,2
143,Since his death it has been transformed into the Bob Marley Museum and carefully managed by the Marley family to protect the memory of his life.,The museum contains works from other members of the Marley family.,2
144,Sometimes it flattens entire neighbourhoods to make life easier for them.,All neighborhoods are perfectly safe in their pursuit of an easier life.,0
145,"To make matters worse, many employers looking to save money (and please their employees) will drop dependent benefits if states provide better coverage than the private plans now do.","When states provide better coverage than private plans, many employers will drop dependent benefits and pass the savings on to you.",2
146,Then I considered.,"Afterwards, I thought about it.",1
147,probably so yeah you can get a head start on it,You can get a head start on it if you plant now.,2
148,The conversation he had overheard had stimulated his curiosity.,The conversation made him curious because they spoke about treasure,2
149,You will find two principal  fino and olorose,You won't find any fino or olorose.,0
150,"The sooner we strike the better."" He turned to Tuppence.",He convinced Tuppence to hold off on their action plan. ,0
151,yeah that's where i got to too the first i got chills up and down when i heard the on the radio and the first time they started doing the bombing,When I heard that on the radio I got chills and the beginning of the bombing.,1
152,"This having come to his stepmother's ears, she taxed him with it on the afternoon before her death, and a quarrel ensued, part of which was overheard. ",A fight broke out between the stepmother and the man before her death.,1
153,"Next, you enter the vast and splendid Imperial Hall, with three handsome marble fountains, and a canopied throne from which the sultan would enjoy the music and dancing of his concubines.",The Imperial Hall houses three marble fountains.  ,1
154,"The tomb guardian will unlock the gate to the tunnel and give you a candle to explore the small circular catacomb, but for what little you can see, it is hardly worth the effort.",The tomb garden can give you a thorough tour of the catacombs.,2
155,at least i'm going to give it a try cause you can see i mean the oil filters i mean you can touch it it's right there,It seems like it's worth trying to get the oil filter out.,1
156,"Tracking down the tiger is a subtle affair, and requires a degree of dedication, calm, and stealth.",You must be very silent when tracking tigers.,1
157,Adrin nodded.,Adrin nodded his head.,1
158,"The WP runs a piece inside reporting that during a church service last Sunday, Cardinal John O'Connor of New York criticized President Clinton from the pulpit for taking Catholic communion while in South Africa.",The WP runs a piece outside reporting ,0
159,yeah but uh do you have small kids,Do you have any children? ,2
160,"For big Raj-buffs, the supreme example of Indo-Gothic style is the Victoria Terminus, affectionately abbreviated to VT nowadays, once the railway station that launched adventures inland, now handling mostly suburban traffic.",The Victoria Terminus is still the main departure point for travelers heading deeper into the country.,0
161,Cop  Bud White (Crowe) and Ed Exley (Pearce) almost mix it up (59 seconds) :,Bud White and Ed Exley almost mix it up.,1
162,"The only drawback is, of course, the large crowds in summer.",It is pretty much deserted in July.,0
163,"The word itself, tapa, is translated as  lid  and derives from the old custom of offering a bite of food along with a drink, the food being served on a saucer sitting on top of the glass like a lid.",Tapas are only small in order for you to try a lot.,2
164,yeah yeah and i took a five year note out on my car when i right when i got out of college and uh i'll never do that again i still got a couple of years on it to go and i'm,My biggest mistake was taking a five year note out on my car.,2
165,"To places where surface transportation is not available, senders would be required to pay air rates, and possibly air rates keyed to the characteristics of the Alaskan air system.",The Alaskan air system is an effective method of shipping.,2
166,were sort of a double sign with a a big miles per hour and a little kilometers per hour type uh marking on the side,A sign that only displays mph.,0
167,The Tunnel of Eupalinos can be explored but it's not for the claustrophobic.,Claustrophobics will not enjoy the tunnel of Eupalinos.,1
168,Another alternative is that our heroes were pursuing the noble goal of academics everywhere--tenure.,Our heroes aren't going for any academic goals. ,0
169,He pulled his cloak tighter and wished for a moment that he had not shaved his head.,The man pulled his super hero cape around himself to show off.,2
170,and uh you know once you start up at the top and try to get those dollars on down to the hands that need them you know there's a lot of places the money stops and disappears along the way,There needs to be a more transparent distribution of money.,2
171,"As discussed in section 1, personal saving is the amount of aggregate disposable personal income left over after personal spending on goods and services.",Personal saving is how much disposable personal income is left over after personal spending and is typically about 5%.,2
172,"By then, the program had added Carroll and Grayson counties and the city of Galax and had five attorneys.",The program had only one single attorney.,0
173,"approaches for setting different requirements for sources that pose different levels of hazard (tiering); worst-case releases and other hazard assessment issues; accident information reporting; public participation; inherently safer approaches; and implementation and integration of section 112(r) with state programs, particularly state air permitting programs.",The hazards range from effecting the individual all the way up to the community.,2
174,"Clearly, GAO needs assistance to meet its looming human capital challenges.",The GAO has been receiving so many applications from qualified job seekers that they have had to raise the bar in hiring new employees.,2
175,Well? cried Tommy eagerly.,Tommy didn't speak.,0
176,Even the lower limit of that differential compounds to a hefty sum over time.,The differential will not grow.,0
177,He had forgotten about Adrin.,He didn't remember Adrin.,1
178,The best beach in Europe ' at least that's the verdict of its regulars.,Regulars say that it is totally free of litter and pollution.,2
179,"Reportedly the biggest payment made in such a case, it is hardly a nick in Texaco's annual revenue of more than $30 billion.",The biggest payment they made barely hurt their profits.,1
180,"The flame or whatever it was had enough heat, but it was hard to control.","The flame was easy to control, but lacked heat. ",0
181,um pardon me,I don't apologize.,0
182,"However, the WRAP States may unanimously petition the Administrator to determine that the total emissions of affected EGUs are reasonably projected to exceed 271,000 tons in 2018 or a later year and to make affected EGUs subject to the requirements of the new WRAP trading program.",The WRAP States may unanimously petition the Administrator to overturn the smoking ban.,2
183,"We hate them because they are smarter, or more studious, or more focused than we are.",We hate them out of jealousy for being smarter than us. ,1
184,These alone could have valuable uses.,These by themselves could prove valueable. ,1
185,Near Jerusalem,It is close to Jerusalem.,1
186,"Tell me, how did those scribbled words on the envelope help you to discover that a will was made yesterday afternoon?"" Poirot smiled. ",How could you not figure out that there was a will written yesterday?,0
187,"Escaped or abandoned raccoons have been breeding in the wild for the past 20 years and have damaged corn crops, watermelon and melon farms, and rainbow trout hatcheries, the paper said.","Raccoons, if they are abandoned, tend to damage things- this is what has been happening for the past 20 years.",1
188,"32 Under the RSA proposal, a worker between the ages of 25 and 60 with family earnings of at least $5,000 could contribute up to $1,000 annually through either an employer-sponsored saving plan or a tax-deferred individual account.","Most workers could contribute up to $1,000 each year.",1
189,senior management oversight and approval ofRequired acquisition objectives and plans.,"the referenced organization is expansive, with a number of other divisions in addition to the senior management division.",2
190,yeah well the uh NC double A tournament's going on right now and uh i haven't watched it this year because Louisville's out of it this year,I'll watch the basketball tournament next year.,2
191,of course you could annex Cuba but they wouldn't like that a bit,Annexing Cuba is a great idea.,0
192,"I have been visiting an old woman in the village, she explained, ""and as Lawrence told me you were with Monsieur Poirot I thought I would call for you.""",I am good friends with Monsieur Poirot.,2
193,"( sums up the millennium coverage from around the globe, and  examines whether the Y2K preparations were a waste.)",(The millennium coverage from around the globe is summed up and examined).,1
194,"They are levied through the power of the Government to compel payment, and the person or entity that pays these fees does not receive anything of value from the Government in exchange.",They are not levied through the power of the Government to compel payment.,0
195,"Moreover, Las Vegas has recently started to show signs of maturity in its cultural status as well.",The culture of Las Vegas has recently matured.,1
196,so Eric what do you think um,"How do you feel about it, Eric?",1
197,Sir James's presence in Manchester was not accidental.,Manchester was not the place that Sir James had intended to go.,0
198,"Such multicolored reef dwellers as the parrotfish and French angelfish, along with weirdly shaped coral, crawfish, or turtles hiding in crevices, can be yours for the viewing in these clear waters where visibility of 30 m (100 ft) is common.","Because visibility is so good, you can see French angelfish, crawfish, and other reef dwellers.",1
199,Benchmarked by U.S.,Benchmark in America.,1
200,"This includes all testing, information review, and interviews related to data reliability.",All testing will be made before 12pm on Mondays.,2
201,"External Validity The extent to which a finding applies (or can be generalized) to persons, objects, settings, or times other than those that were the subject of study.","External Validity gets its name from the fact that what's being studied are people, things, and individuals who are outside of the study.",1
202,"No, indeed, said Cynthia. ","Certainly not, said Cynthia.",1
203,Does anyone know what happened to chaos?,What happened to chaos ensuing after the election?,2
204,"In the other bracket, the Broncos beat the New York Jets.",The Broncos beat the New York Jets. ,1
205,"We were playing all sorts of sports, and you were not, so shut up and stop twitching,' the microbe's tone of voice changed, it was lower and more resounding.","We have played football, basketball, baseball and soccer and you haven't played anything so shut your mouth. ",1
206,"To help identify solutions to this problem, Senators Fred Thompson and John Glenn, Chairman and Ranking Minority Member, respectively, of the Senate Committee on Governmental Affairs, requested that we study organizations with superior security programs to identify management practices that could benefit federal agencies.",Senators Fred Thompson requested the study to benefit federal agencies.,1
207,well i think i got to agree with you there,I could not agree with you.,0
208,"Also, lack of winter freezes means that mites normally killed off by the cold will survive.",They wanted to warn people to look for mites because of the mild winter.,2
209,Chatterbox queried Trudeau about the Dallas Morning News quote.,Chatterbox queried Trudeau about what he said about immigrants.,2
210,yeah well Rochester's like right on the shores isn't it,Rochester is right on the shores.,1
211,"The Balanced Scorecard Institute is a web clearinghouse for managers to exchange information, ideas, and lessons learned in building strategic management systems using the balanced scorecard approach.",The Balanced Scorecard has recently closed due to a lack of interest.,0
212,"There are no shares of a stock that might someday come back, just piles of options as worthless as those shares of Cook's American Business Alliance.",Those shares of stocks will never come back.,1
213,"It was replaced in 1910 by the famous old pontoon bridge with its seafood restaurants, which served until the present bridge was opened in 1992.",The pontoon bridge had shops as well as restaurants.,2
214,"Say, man, don't you know you've been given up for dead? ",You were thought to be dead!,1
215,"Even us if you needed,"" said Jon.",He told them not to ask him to lift a finger.,0
216,"News berates computer users for picking obvious, easily cracked passwords and chastises system administrators for ignoring basic security precautions.",News outlets do not blame users or system administrators for security breaches. ,0
217,"In its submission, HCFA did not identify any other statute or executive order imposing procedural requirements relevant to the rule.",HCFA didn't identify any other executive order.,1
218,"No one was there, no bones at all.",There were many bones in a pile.,0
219,The bhakti movement of the Tamils brought a new warmth to the hitherto rigid Brahmanic ritual of Hinduism.,Many were sad to see the Brahmanic ritual change.,2
220,"Enter the realm of shopping malls, where everything you're looking for is available without moving your car.",Everything can be found inside a shopping mall.,2
221,well that's uh i agree with you there i mean he didn't have the surrounding cast that Montana had there's no doubt about that,I don't agree when you say that he didn't have as much support as Montana.,0
222,"As with other types of internal controls, this is a cycle of activity, not an exercise with a defined beginning and end.","There is no clear beginning and end, it's a continuous cycle.",1
223,There are many such at the present time.,There are none at all.,0
224,"With their fluent Vietnamese and Mandarin, they help Tran understand her family's eligibility for Medi-Cal and food stamps, assist the 70-year-old woman in finding a place to live and advise abused women how they can stay in the country while staying away from their husbands.",Tran spoke Mandarin. ,1
225,"As Ben Yagoda writes in the New York Times Book Review , somewhere along the way, Kidder must have decided not to write a book about Tommy O'Connor.",Ben Yagoda is a famous book reviewer.,2
226,"It was planned in the 1820s as a symbol of Scottish national pride and designed as a mini-Parthenon, in deference to the neoclassical style popular at the time.",It was designed to look just like the White House.  ,0
227,"She was 96 just turning away when she heard a piercing whistle, and the faithful Albert came running from the building to join her.",Albert was a dog that came running when he heard the whistle. ,2
228,Scotland became little more than an English county.,Scotland was hardly better than an English county. ,1
229,"3 Accordingly, auditors performing financial audits need to be proficient in applying the AICPA standards and guidance contained in the SASs.",Auditors must have many qualifications,2
230,Scotland became little more than an English county.,Scotland was hardly better than an English county as England no longer allowed them an army.,2
231,"Consider the Globe : As the respectable media have become sleazy, the Globe has become sleazier.",The media is becoming sleazy because it's trying to combat brainwashing.,2
232,"He works himself into a fake froth; does some calculated, halfhearted gonzo writing; then collects a fat check.",He collects a big check for pretending to be outraged.,1
233,the the Iranian borders are still open uh from what i understand understand um,From what I know the borders of Iran are still open.,1
234,"Just as in ancient times, without the River Nile, Egypt could not exist.",Many Egyptians take for granted how important the nile river is.,2
235,A re-created street of colonial Macau is lined with traditional Chinese shops.,"This street, formerly a colonial site, is now home to modern high-rise development.",0
236,Something may be better than nothing . If trials compared low-cost therapy to the complete AZT regimen it's likely that the new regimens will prove less effective.,It is better to have little than to have none at all.,1
237,it would probably be a lot more work and probably not turn out as good,"Oh that way sounds great, it could turn out even better",0
238,"In this moment of American triumphalism, it's hard to resist the temptation to rewrite recent history as the narrative of America's self-reliant, inevitable rise, and to see the future as the story of America's continued ascent into the higher reaches of the New Economy.",America is in the best position it has been in in over twenty years. ,2
239,"Territorial rights, in the form of a deck chair, can be assured for a nominal sum.",A deck chair can be used to show territorial rights.,1
240,"During the half-century of its existence, Israel has absorbed approximately 2.5 million Jewish immigrants, displaced persons, refugees, and survivors of the Nazi Holocaust.",Israel shunned the Jewish people from entering to escape the Nazi Holocaust.,0
241,Number of testimonies,They are all from constituents.,2
242,"Emissions will be cut from current emissions of 48 tons to a cap of 26 tons in 2010, and",Most emissions are from gas guzzling SUVs and airplanes.,2
243,"A new guideline, for example, may tell us to send heart surgery patients home earlier.",A new rule may advice us to discharge heart surgery patients earlier.,1
244,"Also, under credit reform, the credit subsidy cost is recorded as an outlay when a direct or guaranteed loan is disbursed.",The credit subsidy cost is never recorded as an outlay under any circumstances.,0
245,"Wagonheim said the program not only will benefit the needy, but also will help improve the public image of lawyers.","Due to the recent scandals, lawyers are in need of positive press locally here.",2
246,OMB has approved the information collection contained on the Form ADV and has,OMB staunchly opposed the information collection contained on the Form ADV.,0
247,"The author began with a set of hunches or hypotheses about what can go wrong in agency management, and what would be evidence supporting-or contradicting-these hypotheses.",The hunches provided by the author weren't realistic as it pertains to agency management.,2
248,"Finally, the FDA will conduct workshops, issue guidance manuals and videotapes, and hold teleconferences to aid small entities in complying with the rule.",The FDA will only issue videotapes.,0
249,"The analysis concluded that, because the rule relaxed the hog cholera-related restrictions imposed on the importation of live swine and prepared pork products from Sonora, Mexico, the proposed rule could have a significant economic impact on a substantial number of small entities in the United States.",The analysis stated that the rule might have a large impact on small entities in the US.,1
250,"Cave 31 tries to emulate the style of the great Hindu temple on a much smaller scale, but the artists here were working on much harder rock and so abandoned their effort.",Cave 31 ran into problems because it was made of harder rock. ,1
251,"There is very little to see here, or at the ruined Essene monastery of Qumran itself.","Most visitors skip this city, or only stay here a night while passing through.",2
252,Many who fled have returned.,Lots of then came back when they realized they had nowhere to run to.,2
253,uh-huh well maybe well i've enjoyed talking to you okay bye-bye,I hated talking to you.,0
254,"Although a mile long, its name is misleading because it is not one street but several different streets.","It is a mile long, each street spanning about a quarter of a mile.",2
255,yeah then you don't have you don't have that mess to clean up when you use an oil oil base painting and boy i'll tell you oh,"I've had to clean up oil base paint before, it isn't fun. ",2
256,And who should decide?,No one is willing to make the decision.,2
257,"I put it to you that, wearing a suit of Mr. Inglethorp's clothes, with a black beard trimmed to resemble his, you were there ”and signed the register in his name!",The green suit that he wore was actually Mr. Inglethorp's which he stole from his closet a few days ago. ,2
258,I thought working on Liddy's campaign would be better than working on Bob's.,I thought I would like working on Liddy's campaign the best.,2
259,Then he is very sure. ,He is very sure of himself.,2
260,"Tom is the winner of a year's supply of Turtle Wax, and he will receive his prize just as soon as the Shopping Avenger figures out how much Turtle Wax actually constitutes a year's supply.",There are no winners of the one year supply of Turtle wax.,0
261,"I feel that you probably underestimate the danger, and therefore warn you again that I can promise you no protection.","I warn you again, that I can promise you no protection, as I feel that you probably underestimate the danger.",1
262,in you know just dealing with the customer maybe that's there only reason why they don't it'd seem like they'd just put a little barrel out there and say it pour here and go on  we'll take your money,I do not deal with customers well.,2
263,"Others love to see it in the middle of the heaviest monsoon, its marble translucent, its image blurred in the rain-stippled water channels of its gardens.",It is especially beautiful during the monsoon season.,2
264,"A good time to visit is just at the end of the monsoon in October when you can see flocks of storks, egrets, and cormorants and it is ideally combined with a full-moon trip to the Taj, but there's plenty to see all year round.",The monsoon season ends in the month of October.,1
265,The island has a long history; its marble deposits were coveted around the ancient world.,In 2000 B.C.E the marble was highly desirable.,2
266,That is well. ,That is unwell.,0
267,"Yet, in the mouths of the white townsfolk of Salisbury, N.C., it sounds convincing.","White townsfolk in Salisbury, N.C. are easily convinced of things. ",2
268,"Divers can explore the deeps but you can also snorkel here, or take a glass-bottom boat or submarine tour to get a glimpse of this watery world.",Divers do not like to explore the deeps here.  ,0
269,2. Receiving Water Samples,The water samples should be received.,1
270,The man shifted slightly and cut the spear out of the air.,The man moved near a flying spear. ,1
271,Why blame her because she had been true to her creed? ,She was not faithful to her own belief system.,0
272,"Oh, my friend, have I not said to you all along that I have no proofs. ",I've always had the proof that he did it.,0
273,Companies that were foreign had to accept Indian financial participation and management.,Foreign companies had to take Italian money.,0
274,"When the next modernist revolution comes around, he'll be ready.",The man will be prepared.,1
275,'I don't suppose you could forget I ever said that?',"It's not likely you'll forget that, right?",1
276,"Do you know what this is?"" With a dramatic gesture she flung back the left side of her coat and exposed a small enamelled badge.",The coat that she wore was long enough to cover her knees.,2
277,"And really it's a great relief to think he's going, Hastings, continued my honest friend. ","""Are you sure we can't do anything to keep him here?,"" admitted my long-time nemesis.",0
278,"'Not entirely,' I snapped, harsher than intended.",I spoke more harshly than I wanted to. ,1
279,"It features over 50 outlets for discounted designer fashions, from Armani to DKNY.",It has over 50 discount stores for designer fashion brands.,1
280,This is a powerful and evocative museum.,The museum is powerful.,1
281,sometimes well there's definitely a lot more hitting,The person says that there's definitely a lot more hitting.,1
282,"Like the Japanese, Chinese, and Portuguese before them, many of the new peoples would stay on in Hawaii, adding to the ethnic and racial mix that has become a hallmark of the islands.",Hawaii was homogenous. ,0
283,It was other-worldly.,It was grounded in reality.,0
284,Voluntariness of risks is evaluated.,No evaluation is being done of risks.,0
285,"Most pundits side with bushy-headed George Stephanopoulos ( This Week ), arguing that only air strikes would be politically palatable.",Mr. Stephanopoulos has a very large pundit following due to his stance on air strikes only being politically palatable.,1
286,"Thus, the net scale benefit is initially positive, whether or not we adjust for the wage premium.",Initial net scale benefits are negative when adjusted for the wage premium.,0
287,"The stuff was strong, but somewhat brittle.",It was incredibly strong and not brittle at all.,0
288,The best beach in Europe ' at least that's the verdict of its regulars.,Regular beachgoers say that it is the best in Europe.,1
289,Don't remember. ,I do not remember.,1
290,"Well, we will come in and interview the brave Dorcas."" Dorcas was standing in the boudoir, her hands folded in front of her, and her grey hair rose in stiff waves under her white cap. ",Dorcas is well known for her bravery. ,2
291,probably you probably got everybody on you because they were probably all going to law school,It is possible that they were going to law school.,1
292,uh-huh how about any matching programs,What about matching programs? ,1
293,2) This particular instance of it stinks.,It is a terrible situation. ,1
294,oh for heaven sakes for the drugs yeah uh-huh,For drugs.,1
295,"The activities included in the Unified Agenda are, in general, those expected to have a regulatory action within the next 12 months, although agencies may include activities with an even longer time frame.",Most of the activities taken under the regulatory actions have been longer that 12 months.,2
296,yeah because being a student i'm doing it for the money,"I'm no longer a student, so I don't need the money anymore.",0
297,well i think of uh you mean as far as retirement,You never discuss retirement.,0
298,"If you have any questions about this report, please contact Henry R. Wray, Senior Associate General Counsel, at (202) 512-8581.",Henry R. Wray can be reached at (555) 512-8581.,0
299,Your speeches are inflammatory.,Your speeches are so calming.,0
300,"Given the limits on the WTO's jurisdiction, it was probably unreasonable of Kodak to expect a real victory.",Kodak was totally justified in expecting a victory.,0
301,Homes or businesses not located on one of these roads must place a mail receptacle along the route traveled.,The other roads are far too rural to provide mail service to.,2
302,"In an atmosphere of economic crisis stagnant productivity, bank closures, and rising unemployment conservatives wanted somebody tougher, more dynamic than eternally compromising old-style politicians.",Banks were able to stay afloat in some cases.,2
303,"Back to the subject of celebrity interviews, British magazines have published a huge number with actress Kate Winslet, the star of Titanic , to promote a new British film she has made.",British magazines boycotted Kate Winslet.,0
304,"aChange in personal saving depends on how much of the $4,000 IRA contribution represents new saving.",The IRA contributes nothing to saving,0
305,"Although all four categories of emissions are down substantially, they only achieve 50-75% of the proposed cap by 2007 (shown as the dotted horizontal line in each of the above figures).",There has been a substantial decrease in each of the emission categories.,1
306,hi Mary have you gone visiting uh any new restaurants lately,"Hello, Mary, have you gone anywhere recently, such as restaurants? ",1
307,Black professionals braid their hair to display their ethnic pride.,Blacks proudly braid their hair.,1
308,As of last week he charges $50 an hour minimum instead of $25 for the services of his yearling Northern Utah Legal Aid Foundation.,His charges went down.,0
309,"7) Nonautomated First-Class and Standard-A mailers have the option of requesting that their mail be processed manually, even though the costs for such processing are substantially higher than mechanized processing.",Nonautomated First-Class and Standard-A mailers cannot ask for their mail to be processed by hand because it costs the postal service more.,0
310,"The formal splendor of the grounds testify to the 18th-century desire to tame nature, but it is done with such superlative results that one can only be thankful that the work was undertaken.",The grounds were really beautiful.,1
311,um-hum yeah right uh is yours a is it a a slab foundation or pier and beam,Your foundation is being beamed away.,0
312,"Although all four categories of emissions are down substantially, they only achieve 50-75% of the proposed cap by 2007 (shown as the dotted horizontal line in each of the above figures).",All of the emission categories experienced a downturn except for one.,0
313,i don't know i i do i can think of all the uh the biblical things about it too where what did they say to uh i can't think of the scripture Render unto Caesar's what is Caesar's so,I do not know about the bible or its scriptures.,0
314,"Cultural festivals are one opportunity, but the better way is at a private wedding or feast day when the performances are set in their true context.",Cultural festivals are out of context and do not feel as authentic as genuine feast day or wedding performances.,2
315,"Others love to see it in the middle of the heaviest monsoon, its marble translucent, its image blurred in the rain-stippled water channels of its gardens.",None of the visitors like to see it during the monsoon.,0
316,"Previously, at the request of the Republican Ranking Minority Member of the House Committee on Government Operations, GAO reviewed activities of President Clintonas Task Force on Health Care Reform and was provided with an extensive listing of working group participants drawn from the government and from outside organizations.",GAO solely investigated the activities of President Clinton's Task Force on their own accord.,0
317,"This testing of the marketplace may range from written or telephone contacts with knowledgeable federal and non-federal experts regarding similar or duplicate requirements and the results of any market test recently undertaken, to the more formal sources-sought announcements in pertinent publications (e.g.",This marketplace testing ranges from informal to formal surveys.,1
318,Maybe I am too.,This is something that I have to change.,2
319,"On Fox News Sunday , host Tony Snow touted a poll showing that 60 percent of Americans think the allegations represent a pattern of behavior.",Tony Snow has been the host on Fox News Sunday for four years.,2
320,"Crosethe Rue de Rivoli to the Palais-Royal, built for Car?­di?­nal Richelieu as his Paris residence in 1639, and originally named Palais-Cardinal.",Crosethe Rue De Rivoli to the Palais-Royal was built for King Louis XVI.,0
321," There was food for all, and houses had been conjured hastily to shelter the people.",There was not enough food for all sadly.,0
322,"After the second course I began to feel slightly at ease, although I couldn't help being disturbed by the way they just stared at me.",I felt at ease around them.,0
323,"In fact, it's wise to drive as little as possible inside Paris; the p??riph??rique ringroad runs around the city and it's worth staying on it until you're as close as possible to your destination.",The ringroad in Paris will take you to most destinations. ,2
324,"Try a selection at the Whisky Heritage Centre (they have over 100 for you to sample), where you can then buy a bottle or two of your personal favorite in the shop or in stores around the city.",There are at least 100 things to sample at Whisky Heritage Centre.,1
325,"They made little effort, despite the Jesuit presence in Asia, to convert local inhabitants to Christianity or to expand their territory into the interior.","The Jesuit thought that by converting the Asian people to Christianity, it would help them to expand their territory. ",0
326,"And, could it not result in a decline in Postal Service volumes across--the--board?",Nothing will affect Postal Service volumes across--the--board.,0
327,Or anything else you wanted and couldn't keep against magic.,You had to be careful with what you wanted to protect. ,2
328,Chapter 1: His real name was Leonard Franklin Slye.,"Chapter 1 introduces Leonard Franklin Slye, the second one continues like this.",2
329,"To the south, the former fishing villages of Sorrento and Positano spill down the craggy cliffs of the serpentine Amalfi coast, justifiably tauted as one of the world's most beautiful drives.",Sorrento used to be a fishing village.,1
330,and so i have really enjoyed that but but there are i do have friends that watch programs like they want to see a particular program and they are either home watching it or definitely recording it they have some programs that they won't miss,What programs do your friends like to watch?,2
331,"If the company makes money on the policy, other insurers are expected to follow.",If the company loses money on the policy then other insurers will copy them. ,0
332,"But the most sustained assault on Orientalism 's premises, and on its prestige, came from the left.",They did not see the attack coming.,2
333,"The tomb of Job Charnock, the Company official who founded the city of Caletta, is in the church cemetery.",The Tomb of Job Charnock is not in the church cemetery.,0
334,"Because GAO's primary function is to support the Congress in carrying out its decision-making and oversight responsibilities, the number of times our experts testify before congressional panels each year is an indicator of our responsiveness and reflects the impact, importance, and value of our work.",They refused to provide any support to the Congress.,0
335,Another White House murder mystery and a chance to bash the genre.,This is a new angle at White House murder mystery.,2
336,"Children, especially boys, are seen as a blessing and are treated with indulgence, fussed over by mothers and grandmothers.",Male children are considered to bring luck to the family.,2
337,The two programs are currently housed in buildings about a block apart.,The two buildings are on opposite sides of the city.,0
338,"The results of the sheepshead minnow, Cyprinodon variegatus, inland silverside, Menidia beryllina, or mysid, Mysidopsis bahia, tests are acceptable if survival in the controls is 80 percent or greater.",Tests are only acceptable when survival rates during controls come to at least 70 percent.,0
339,Now suppose there is a private delivery firm in Cleveland that is competing with the postal service.,Imagine a state-run delivery firm trying to phase out the postal service.,0
340,"We need to look at the implications that these differing roles have for a range of issues, such as SES core competencies, performance standards, recruitment sources, mobility, and training and development programs.",It is very important for us to consider the implications of the these distinct roles on the issues.,1
341,Catch up on the Indian avant-garde and the bohemian people of Caletta at the Academy of Fine Arts on the southeast corner of the Maidan.,The Academy of Fine Arts is a prominent school for all up and coming artists.,2
342,yeah well that's not really immigration,That is the focus of immigration.,0
343,no no not at all it,Not all of it,1
344,My unborn children will never appear on the Today show.,My sons and daughter will be anchors on the Today show.,0
345,"An organization's activities, core processes, and resources must be aligned to support its mission and help it achieve its goals.",A company's mission can be realized even without the alignment of resources.,0
346,need the car the next day type deal so,You need the car several weeks later.,0
347,"In fact, the sloping shoulder was the noticeable feature of the new clothes of the Dior era, coming as it did immediately in the wake of the Joan Crawford/Rosalind Russell period and its vigorous shoulder padding.",Dior era was known for sloping shoulders after the period of shoulder padding.,1
348,It was still night.,"The sun was blazing in the sky, darkness nowhere to be seen.",0
349,"It's an interesting account of the violent history of modern Israel, and ends in the Scafeld Room where nine Jews were executed.",It's a fascinating explanation modern Israel's violent past and at the end is the Scafelf Room where executions took place.,1
350,i don't understand that i thought that he was always a good player,I always considered him to be a good player.,1
351,but West Texas now was a hundred and ten and i didn't mind that at all you know because it was so dry,It was one hundred ten degrees in West Texas.  ,1
352,well Dana it's been really interesting and i appreciate talking with you,"Thanks for calling me, Dana.",2
353,"Indeed, 58 percent of Columbia/HCA's beds lie empty, compared with 35 percent of nonprofit beds.","58% of Columbia/HCA's beds are empty, said the report.",1
354,"The library is the largest of any plantation in Jamaica, with over 300 volumes, including three first editions; the books would have been used to while away the long humid days.","The library has over 300 volumes, including 3 first editions. ",1
355,"The long-sought, the mysterious, the elusive Jane Finn! ",Jane Finn is easily found but not often looked for.,0
356,in Asia yeah i spent,In Asia I spent,1
357,"It's easy to overdose on the many temples, palaces, and museums in India.",You'll find a scarcity of palaces and temples across India.,0
358,uh i really i miss college i had a good time,College was horrible and I hated it. ,0
359,"Although all four categories of emissions are down substantially, they only achieve 50-75% of the proposed cap by 2007 (shown as the dotted horizontal line in each of the above figures).",The downturn in the emission categories simply isn't enough in our estimation.,2
360,"After the purge of foreigners, only a few stayed on, strictly confined to Dejima Island in Nagasaki Bay.",A few foreigners were confined to Dejima Island because they were dangerous.,2
361,'No one in Large would ever try to harm us.,"They're out to get us there in Large, you know.",0
362,"True to his word to his faithful mare, Ca'daan left Whitebelly in Fena Dim and borrowed Gray Cloud from his uncle.",Ca'daan kept his word to Gray Cloud and borrowed Whitebelly from his uncle. ,0
363,"The track continues past the necropolis to an impressive amphitheatre, very probably carved by Nabateans, but influenced by the Romans.",The path also leads to the ruins of a church.  ,2
364,"The central features of the Results Act-strategic planning, performance measurement, and public reporting and accountability-can serve as powerful tools to help change the basic culture of government.",The Results Act has strategic planning as a deleted feature. ,0
365,And two- the personal pronoun problems were going to get serious.,There were going to be problems with the personal pronoun.,1
366,"The church of Panagia Theoskepastos houses a fine 14th-century icon, and the Catholic Cathedral has a tenth-century Madonna and Child.",Both churches are still active today and serve large congregations.,2
367,"To assist programs with implementing these web sites, the Northwest Justice Project and ProBonoNet in New York are hiring two full-time circuit riders to assist grantees with content management and to ensure that each web site supports the entire state justice community.",The Northwest Justice Project and ProBonoNet in New York will hire more people to help poor residents.,2
368,"Today it is possible to buy cheap papyrus printed with gaudy Egyptian scenes in almost every souvenir shop in the country, but some of the most authentic are sold at The Pharaonic Village in Cairo where the papyrus is grown, processed, and hand-painted on site.",The Pharaonic Village in Cairo does not sell papyrus.,0
369,um i've visited the Wyoming area i'm not sure exactly where Dances with Wolves was filmed,I've only visited the area in the spring.,2
370,"In reviewing this history, it's important to make some crucial distinctions.",Making certain distinctions is imperative in looking back on the past.,1
371,"Lie back, and DON'T THINK.","Lie back, and do not use your crazy mind.",2
372,Jon drew it out and stabbed again in the man's throat.,Jon stabbed the man's throat multiple times.,1
373,Or to judge by the  Failing to nurse at night can lead to painful engorgement or even breast infection.,Mothers should nurse at night.,1
374,"The rule prohibits the sale of nicotine-containing cigarettes and smokeless tobacco to individuals under the age of 18; requires manufacturers, distributors, and retailers to comply with various conditions regarding the sale and distribution of these products; requires retailers to verify a purchaser's age by photographic identification; prohibits all free samples; limits the distribution of these products through vending machines and self-service displays by permitting such methods of sale only in facilities where access by individuals under 18 is prohibited; limits the advertising and labeling to which children and adolescents are exposed; prohibits promotional, non-tobacco items such as hats and tee shirts; prohibits sponsorship of","The rule will be put into effect as of January 1, 2017,  in all 50 states. ",2
375,"Now it's my turn, and even if I'm walking in a dead man's shoes, I can make my way afresh.",It's your turn.,0
376,"Founded in 1979, AFFIRM's members include information resource management professionals within the federal, academic, and industry sectors.",AFFIRM recruits the top members in the management professions.,2
377,we wouldn't be expected to cast a ballet on the subject,We have been asked to vote on the subject.,0
378,"As recent events illustrate, trust takes years to gain but can be lost in an instant.","Trust, once built, is hard to lose.",0
379,"But when he was persuaded by divers means to help us, he gave up after one week, declaring it beyond his powers.","He solved the issue within seven days, because he was so smart.",0
380,"She gave the girl clothes and gifts and took her to her Connecticut estate for weekend pony rides, according to the Star . How was I supposed to compete with that?","She gave the boy clothes, gifts and pony rides. That's hard to compete with.",0
381,"There may be a small savings at the factory showrooms in Manacor, where you'll have the biggest choice.",The factory showrooms are only for vendors.,0
382,Decline and Decadence,Decline and decadence have a direct correlation. ,2
383,we only have to get up for you know for the daytime feedings,"We can sleep all day, since we don't have any daytime feedings.",0
384,One opportunist who stayed was Octavius Decatur Gass.,Octavius Decatur Gass refers to four people. ,0
385,That is exactly what our head coupon issuer Alan Greenspan did in 1987--and what I believe he would do again.,"This is what Greenspan did in 1987 and what I think he will do again, much to the detriment of the economy.",2
386,"These gardens used to belong to the governor's mountain lodge, but the building was demolished by the Japanese during the occupation of Hong Kong.",These gardens belong to the governor's mountain lodge.,0
387,He seemed a trifle embarrassed.,He wasn't embarrassed at all.,0
388,"But employers are still driving, and that's all that counts.","Employers have continued to operate motor vehicles, and that's all that matters.",1
389,They consolidated programs to increase efficiency and deploy resources more effectively,Programs to increase efficiency were consolidated.,1
390,and they're more independent and there's things to do then it's good for them to go to different i mean it he goes to a a mother's day out program now once a week both of my kids do,Independence does not grant anymore options for them.,0
391,but but it is peaceful i mean it is relaxing to do once you find the time to do it,The time it takes is not very much.,2
392,no North Carolina State,North Carolina is a county,0
393,Near Jerusalem,It is three miles from Jerusalem.,2
394,"As for the divisive issue of whether the Mass is a sacrifice for the remission of sins, the statement affirms that Christ's death upon the cross ...",The matter of whether or not the Mass is a sacrifice for the remission of sins is controversial.,1
395,The FDA solicited comments on these requirements in the notice of proposed rulemaking and has evaluated and responded to them in the preamble to the final rule.,The FDA mostly received criticisms about the proposed rules and plan to use the criticism to find the plan's current flaws.,2
396," ""An egg has got to hatch,"" he said.",A chick must hatch from an egg.,2
397,The percent of total cost for each function included in the model and cost elasticity (with respect to volume) are shown in Table 1.,Table 1 also shows a picture diagram for each function. ,2
398,But Fish is not an upbeat pragmatist.,Fish is an upbeat pragmatist. ,0
399,so i really i really don't have heart burn at all with doing it myself over four nights tie i tied the car up if four days but we're fortunate we didn't need it,I tied the car up for four nights but I had heartburn the entire time.,0
400,"In general, six elements appear  purpose, type of data collected, method of data collection, design, method of data analysis, and reporting.",Purpose is not one of the six elements listed here.,0
401,He's been mean-spirited and vicious for so long that editors and reporters are tired of hearing about it.,Editors and reporters are tired of hearing about it since he has been vicious for long.,1
402,that they don't show local,The local that tehy don't show is local sports.,2
403,For the next two centuries Aelia Capitolina enjoyed an innocuous history.,Aelia Capitolina enjoyed an innocuous history by staying off the maps of Romans and other empires. ,2
404,Every August young women convene to light joss sticks and some even climb the nine-meter (30-ft) rock to pray for good husbands.,Women converge on this place to light joss sticks and climb the rock.  ,1
405," Other villages are much less developed, and therein lies the essence of many delights.",If more people lived in the villages the development would skyrocket.,2
406,"A button on the Chatterbox page will make this easy, so please do join in.",There is a button on the page that is easy to use.,1
407,i wonder how they kept up with them though it seemed like the buffaloes were moving so fast i guess they graze though that wouldn't have been a problem,"It seemed difficult, keeping up with the buffaloes.",1
408,"Sure enough, there was the chest, a fine old piece, all studded with brass nails, and full to overflowing with every imaginable type of garment. ",The chest was built over 200 years ago.,2
409,The Gaiety Theatre in South King Street is worth visiting for its ornate d??cor.,The Gaiety Theatre is decorated very ornately.,1
410,maybe adult literacy maybe you know composition writing maybe you know uh volunteering you know on a tutor line or though the even through the elementary schools for help with homework or the other part of me says is God i've had enough kids  do i really,"maybe I could volunteer to help with adult literacy or homework help for elementary schools but on the other hand, I've already had children",1
411,oh yeah IBM uh i mean uh a lot of people use human factors folks but IBM is what i'm looking at right now,No one thinks about human factors and I'm not interested in IBM.,0
412,Cybernetics had always been Derry's passion.,Derry knew nothing of cybernetics.,0
413,"To the northwest of the chateau, the Grand Trianon palace, surrounded by pleasantly unpompous gardens, was the home of Louis XIV's mistress, Madame de Maintenon, where the aging king increasingly took refuge.",Grand Trianon palace was the residence of Louis XIV.,0
414,"You're crazed, Beresford.","You are a sane genius, Beresford.",0
415,so are can i just ask you are you Canadian,Are you from the U.S.?,0
416,"In the meantime, the philosophy is to seize present-day opportunities in the thriving economy.",The philosophy was to seize opportunities when the economy is doing poorly.,0
417,Case Studies in Science Education.,Education about science.,1
418,uh-huh i i thought they did an excellent job of actually aging the person you know from when he was a little kid to little older to little older to except the last the very last you know the last person the last actor that played the kid,"Yeah they did an amazing job of making that person age through the years, except that last part.",1
419,"When asked about the Bible's literal account of creation, as opposed to the attractive concept of divine creation, every major Republican presidential candidate--even Bauer--has squirmed, ducked, and tried to steer the discussion back to faith, morals, and the general idea that humans were created in the image of God.",Every republican presidential candidate has tried to avoid the question of creation.,1
420,"In Japan, Mainichi Shimbun criticized the new Liberal Democratic Party leader Keizo Obuchi for being devoid of fresh ideas for reviving the Japanese economy.","Mainichi Shimbun was critical of Keizo Obuchi, the new Liberal Democratic Party Leader.",1
421,One bakes Flipper.,The flipper was here.,2
422,"The Women's Haven, which provides shelter and outreach to domestic-violence victims, already has a full-time attorney.",There is a full-time attorney at the Women's Haven already.,1
423,hi Cynthia what did you wear to work today,You did not go to work today. ,0
424,The purpose of the Diwan-i-Khas is hotly disputed; it is not necessarily the hall of private audience that its name implies.,The name suggest that it is open to the public.,0
425,well the channel eight when they came here thirteen fourteen years ago Dave Fox and Tracy Rowlett came together uh from Oklahoma City and apparently channel eight was way down and now they have turned it all around and done a pretty remarkable job and then,"Channel 8 came here fourteen years ago, I still don't watch it, but it's doing great now.",2
426,"4 million homes watch the evening news on CBS, ABC, and NBC.",No one watches nbc.,0
427,"Palestrina , by Hans Pfitzner, performed by the Royal Opera (Metropolitan Opera House, New York).","Hans Pfitzner did not write Palestrina, which will be performed in New York. ",0
428,The Commission's analysis uses both quantifiable and general descriptions of the effects of the rule on small entities.,The rule has a significant effect on small entities.,2
429,and ancient coins,And really old coins.,1
430,"Behind the cathedral, croseover the Rue de la R??publique to the 15th-century Eglise Saint-Maclou, the richest example of Flam?­boy?­ant Gothic in the country.",The Eglise Saint-Michel was built in the 8th century.,0
431,"Many had to leave their birthplaces, fleeing to Lesvos, Chios, and Samos, the Greek-ruled islands just offshore.",Everyone was able to remain in their homeland. ,0
432,"Montmartre is lively at night, with famous clubs such as Au Lapin Agile.",Montmartre has no life at night.,0
433,"After four years, Clinton has learned how to avoid looking unpresidential.","After four torturous years, Clinton finally gets how to avoid unpresidential behavior.",2
434,well uh normally i like to to go out fishing in a boat and uh rather than like bank fishing and just like you try and catch anything that's swimming because i've had such problems of trying to catch any type of fish that uh i just really enjoy doing the boat type fishing,I fish in the boat and try catching any fish because I have trouble catching certain types.,1
435,CHAPTER 6: HUMAN CAPITAL,Humans have capital.,2
436,and these poor guys out there uh trying to uphold the law um i don't know i kind of think they should bring back capital punishment,I think that capital punishment should remain illegal.,0
437,The Leland Act  (1) simplify the household definition,The Leland Act defines the legal definition of what a household is.,2
438,"When asked about the Bible's literal account of creation, as opposed to the attractive concept of divine creation, every major Republican presidential candidate--even Bauer--has squirmed, ducked, and tried to steer the discussion back to faith, morals, and the general idea that humans were created in the image of God.",Every republican presidential candidate answered the question of creation openly.,0
439,of course you got to charge it and keep your cash,You have to charge you new credit card.,2
440,"(Never mind the strictest reading, which supposes that creation took a week.)","The creation apparently took a week, supposes the reading.",1
441,and those are the people that you know can you rehabilitate them the some of the ones that are you know perpetual,You wonder if it's possible to rehabilitate those types of people.,2
442,"Here you'll find many clothing stores for all ages and a large branch of Dunnes Stores, an Irish clothes- and food-shop chain.",Dunnes Stores is a popular place for tourists to shop.,2
443,(Cohen 1999) Although many observers would view this as an extreme step it could reduce costs and allow increased efficiencies.,Many observers view it an extreme step to lower costs and increase efficiencies. ,1
444,uh-huh so do you have to get a shade tolerant grass is that what you're,Do you have to get shade tolerant grass?,1
445,"What about the hole?"" They scanned the cliff-side narrowly.",They looked from the top of the cliff for the hole.,2
446,"This is especially true on Menorca, where cold winter winds limit the season's length.","On Menorca, where cold winter winds limit the season's length, this is especially true.",1
447,yeah although i do worry that how easy this one was might be a bad lesson uh to the to the younger people um you know than there is the other generation,I do worry that it might be a bad lesson for the kids.,1
448,'I see.',I was blind.,0
449,and you know if i know that they're gonna be there you know you you i try to really watch it and like you say you know really dress up and if i know they're not you know i i've been doing a lot of reorganization you know the last couple of months the same way you are you know and it's just so it's just impossible to crawl down on the floor and dig through boxes in a dress you know it is so,I never try to watch it.,0
450,"Founded by Alexander the Great on the Mediterranean coast in 322 b.c. , Alexandria was capital of Egypt during the Ptolemaic era.","Alexandria, founded by Alexander the Great, originally had a different name.",2
451,yeah i mean this this Escort even when the head gasket went i mean it would start first time every time,The Ford Escort worked even with a blown head gasket.,1
452,"I don't know all the answers, fella.",I know everything there is to know about it.,0
453,"It may be that the best way to read this text in the years ahead will not be with a magnifying glass, but through the looking glass--as a prism to discern what the political culture that produced Nixon shares with our own.",Many things are shared between the Nixon culture and our own,2
454,you know even even into major things just to keep our car longer because i don't think we get the money that we put into them out of them in two years or three years and of course i was never in a position where i could trade my car off every two years,I get a brand new car every couple of years.,0
455,"Once they know their Social Security benefits promised under current law, workers can calculate how much they can expect from employer-sponsored pension plans and how much they need to save on their own for retirement.",Social Security benefits are useful for the worker in securing their retirement and financial freedom when they reach seniority.,1
456,"The Kal tangled both of Adrin's arms, keeping the blades far away.","Adrin's arms were tangled, keeping his rusty blades away from Kal.",2
457,At the top of the hill is the imposing medieval fortress of Kadifekale.,The church Kadifekale is located at the bottom of the hill.,0
458,"I'm not sentimental, you know."" She paused.",She claimed not to be sentimental. ,1
459,Abortive countrywide revolts,The unrest could be stopped quickly.,2
460,yeah exactly right it really is because they're gonna get them one way or another they will always have a way look at drugs they always have a way to get that so,"They will never get drugs, because the government passed a bill that prohobits all of them.",0
461,ooh it's kind of tough to think of some of the others although i do watch some of some of those frivolous things uh like on Thursday nights at nine o'clock when i get home from aerobics i will watch uh Knots Landing,I've never been to an aerobics class before.,0
462,right yeah that's it's always handy to have that that credit card for whatever it is that you might need it for,It is not necessary to have a credit card.,0
463,"To address these concerns, we supplement our Base Estimate of benefits with a series of sensitivity calculations that make use of other sources of concentration-response and valuation data for key benefits categories.",Some scenarios allow for supplemental data to be used in lieu of primary data.,1
464,"If you need to use the mail, it would be helpful if you sent your comments both in writing and on diskette (in Word or ASCII format).","We don't need more than one copy of your comments, either a diskette or writing will do.",0
465,"Tax purists would argue that the value of the homemakers' hard work--and the intrafamily benefits they presumably receive in return for it--should, in fact, be treated as income and taxed, just like the wages paid to outside service providers such as baby sitters and housekeepers.","To tax purists, the value of the homemakers' hard work should be taxed, and my economy teacher agrees with that.",2
466,Were you in company with anyone?,Were you awake?,0
467,that's right you can work yourself to death well i'm sorry to hear your color didn't come out so good over the weekend,Don't work yourself to death. ,2
468,"The burden of his spiritual functions as high priest of Shinto and the tasks of administration led the emperor to welcome an early abdication, frequently to retire to a life of Buddhist meditation and scholarship.",People looked down on the emperor for abandoning his duties and abdicating.,2
469,11 These departures permit them take advantage of the lower cost of living as well as to be reunited with their spouses and children.,The departures help them take advantage of the low cost of living in the south.,2
470,"If you still want to join, it might be worked.",You can try to do it if you'd like to join.,1
471,"Britain's best-selling tabloid, the Sun , announced as a front-page world exclusive Friday that Texan model Jerry Hall has started divorce proceedings against aging rock star Mick Jagger at the High Court in London.",The Sun makes millions every year off fake news.,2
472,A student visa overstayer is not going to be a high priority for pro bono assistance.,A student visa overstayer will be high priority.,0
473,Additional information is provided to help managers incorporate the standards into their daily operations.,This information was developed thanks to extra federal funding.,2
474,She buried his remains to spare her mother the gruesome sight.,She quickly ate his remains to steal all the nutrients for herself.,0
475,They said that (1) agencies need to be able to design their procedures to fit their particular circumstances (e.g.,The authors of the recently introduced bill stated each agency would be required to match their operational methods to their particular situations.,2
476,There are two challengers to these top dogs.,These top dogs face two challenges.,1
477,"This is one of the reasons we're growing too weak to fight the Satheri.  ""What's wrong with a ceremony of worship, if you must worship your eggshell?"" Dave asked.","""We shouldn't worship our eggshells, why do we even have ceremonies at all?"" asked Dave.",0
478,Where are you going?,I'm curious as to where you're going.,1
479,"Yes, you've done very well, young man.","No, you have not done very well.",0
480,There always will be a need for an attorney to do general law.,There will always be a very real need for lawyers and attorney's to practice law.,2
481,How do you propose to get in touch with your would-be employers?,How will you destroy your potential employers' gardens?,0
482,What seems to be a special bargain price for just  one week only  could turn out to be a year-round con.,Some weekly store sales turn out to be a year-round sale scams.,1
483,"The entire economy received a massive jump-start with the outbreak of the Korean War, with Japan ironically becoming the chief local supplier for an army it had battled so furiously just a few years earlier.",Japan became the local supplier for Korea.,1
484,You're the Desert Ghost.,You're a living desert camel.,0
485,"For this report, we provide an overview of the major theories about why people save and describe various factors associated with the decline in personal saving.",There are several major theories about why people save.,1
486,"Punditus Interruptus, The Final ",The Last Punditus Interruptus,1
487,NONFEDERAL PHYSICAL PROPERTY ANNUAL STEWARDSHIP INFORMATION For the Fiscal Year Ended September,The report details federal physical property,0
488,because i don't want to my mother was also a domineering type of personality because she had to take over the things that my dad fell short in,My mother was domineering since she filled in my father's shoes.,1
489,"Favored by the Ancient Egyptians as a source of turquoise, the Sinai was, until recently, famed for only one event but certainly an important one.",The Ancient Egyptians found nothing of use in the Sinai.  ,0
490,uh-huh well maybe well i've enjoyed talking to you okay bye-bye,I liked talking to you about sports.,2
491,You name it L.A.'s got it.,L.A. doesn't offer much of anything.,0
492,This points to a final press-friendly quality of McCain' brilliant flattery.,This does not lead to a final press-friendly quality of McCain' brilliant flattery.,0
493,Several of its beaches are officially designated for nudism (known locally as naturisme) the most popular being Pointe Tarare and a functionary who is a Chevalier de la L??gion d'Honneur has been appointed to supervise all aspects of sunning in the buff.,There are a number of nude beaches.,1
494,"On the left of the entrance ramp is the open space once occupied by the Temple of Athena, close to which are the remains of the Pergamene library.",There are no remains visible from the ramp.,0
495,"Managing better requires that agencies have, and rely upon, sound financial and program information.",Agencies need sound financial and program information for good management.,1
496,"But he said he thought the Ledfords understood they could qualify only if he put down a stated income, typically an undocumented business income that raises the borrower's interest rate. ",He thought he didn't need anything to qualify.,0
497,Another White House murder mystery and a chance to bash the genre.,White House murder mystery has other works before this one.,1
498,They would burn to the ground by morning.,"By morning, they would burn the village to the ground.",2
499,Participate in the postaward audit for assessing thedegree of success of the acquisition.,The award is given to different people every year.,2
